{
  "roberta-base-speaker-segmentation": {
    "f1": 0.7591240875912408,
    "precision": 0.6709677419354839,
    "recall": 0.8739495798319328,
    "accuracy": 0.6944444444444444
  },
  "s-nlp-roberta_toxicity_classifier-speaker-segmentation": {
    "f1": 0.7559808612440191,
    "precision": 0.7117117117117117,
    "recall": 0.8061224489795918,
    "accuracy": 0.7638888888888888
  }
}