{
  "bert-base-uncased-split": {
    "f1": 0.7279693486590039,
    "precision": 0.6785714285714286,
    "recall": 0.785124,
    "accuracy": 0.722656
  },
  "bert-base-uncased-message_only": {
    "f1": 0.7854251012145749,
    "precision": 0.8083333333333333,
    "recall": 0.76378,
    "accuracy": 0.792969
  },
  "bert-large-uncased-split": {
    "f1": 0.7555555555555555,
    "precision": 0.7183098591549296,
    "recall": 0.785124,
    "accuracy": 0.722656
  },
  "bert-large-uncased-message_only": {
    "f1": 0.0,
    "precision": 0.0
  },
  "s-nlp-roberta-toxicity-classifier-split": {
    "f1": 0.7935222672064778,
    "precision": 0.7967479674796748,
    "recall": 0.790323,
    "accuracy": 0.800781
  },
  "s-nlp-roberta-toxicity-classifier-message_only": {
    "f1": 0.7878787878787878,
    "precision": 0.7591240875912408,
    "recall": 0.8188976377952756,
    "accuracy": 0.78125
  }
}