{
  "bert-base-uncased-split": {
    "f1": 0.7279693486590039,
    "precision": 0.6785714285714286,
    "recall": 0.785124,
    "accuracy": 0.722656
  },
  "bert-base-uncased-message_only": {
    "f1": 0.7854251012145749,
    "precision": 0.8083333333333333,
    "recall": 0.76378,
    "accuracy": 0.792969
  },
  "bert-large-uncased-split": {
    "f1": 0.7555555555555555,
    "precision": 0.7183098591549296,
    "recall": 0.785124,
    "accuracy": 0.722656
  },
  "bert-large-uncased-message_only": {
    "f1": 0.0,
    "precision": 0.0
  },
  "s-nlp-roberta-toxicity-classifier-split": {
    "f1": 0.7935222672064778,
    "precision": 0.7967479674796748,
    "recall": 0.790323,
    "accuracy": 0.800781
  },
  "s-nlp-roberta-toxicity-classifier-message_only": {
    "f1": 0.7878787878787878,
    "precision": 0.7591240875912408,
    "recall": 0.8188976377952756,
    "accuracy": 0.78125
  },
  "roberta-base-tokenized": {
    "f1": 0.8013698630136986,
    "precision": 0.740506329113924,
    "recall": 0.8731343283582089,
    "accuracy": 0.7851851851851852
  },
  "s-nlp-roberta-toxicity-classifier-tokenized": {
    "f1": 0.8357142857142857,
    "precision": 0.8013698630136986,
    "recall": 0.8731343283582089,
    "accuracy": 0.8296296296296296
  },
  "bert-base-uncased-tokenized": {
    "f1": 0.7529411764705882,
    "precision": 0.7933884297520661,
    "recall": 0.7164179104477612,
    "accuracy": 0.7666666666666667
  },
  "microsoft-deberta-v3-small-tokenized": {
    "f1": 0.7242524916943521,
    "precision": 0.6526946107784432,
    "recall": 0.8134328358208955,
    "accuracy": 0.6925925925925925
  },
  "microsoft-deberta-v3-base-tokenized": {
    "f1": 0.7415730337078652,
    "precision": 0.7443609022556391,
    "recall": 0.7388059701492538,
    "accuracy": 0.7444444444444445
  }
}